log-ChangeCase_Mutant1-2025_08_15_02_47_22.txt,1
log-NumberOfCuts_Mutant5-2025_08_15_11_05_28.txt,1
log-AddLoopFor_Mutant1-2025_08_15_01_25_24.txt,1
log-SubLoop_Original-2025_08_15_01_50_07.txt,1
log-ConvertToFahrenheit_Original-2025_08_15_02_04_23.txt,1
log-DigitRoot_Mutant3-2025_08_15_01_12_44.txt,0
log-SmallestEvenMul_Mutant2-2025_08_15_02_01_55.txt,1
log-ConvertToFahrenheit_Mutant1-2025_08_15_02_10_32.txt,1
log-IsCommonFactor_Original-2025_08_15_02_14_08.txt,1
log-XOR_Mutant1-2025_08_15_03_05_36.txt,0
log-IsCommonMultipleBranch_Mutant1-2025_08_15_09_58_19.txt,1
log-AbsSeq_Mutant5-2025_08_15_03_04_11.txt,1
log-FizzBuzz_Mutant4-2025_08_15_02_38_35.txt,1
log-ChangeCase_Mutant4-2025_08_15_09_44_30.txt,1
log-GetLowCaseLoop_M4-2025_08_14_23_01_17.txt,0
log-IsCommonFactorBranch_Mutant2-2025_08_15_11_10_28.txt,1
log-ConvertToKelvin_Mutant2-2025_08_15_01_53_03.txt,1
log-PowerOfTwoBranch_Mutant1-2025_08_15_11_05_52.txt,1
log-AltitudeController_Mutant2-2025_08_15_11_52_23.txt,1
log-LeapYear_Mutant3-2025_08_15_02_55_14.txt,1
log-LeapYear_Mutant4-2025_08_15_11_04_38.txt,1
log-AbsSeq_Mutant1-2025_08_15_10_00_36.txt,1
log-AddLoop_Mutant5-2025_08_15_01_42_47.txt,1
log-IsCommonFactorBranch_Mutant4-2025_08_15_11_10_52.txt,1
log-Disjunction_Mutant5-2025_08_15_03_03_26.txt,1
log-SmallestEvenMul_Mutant5-2025_08_15_02_23_31.txt,1
log-ConvertToFahrenheit_Mutant5-2025_08_15_02_03_39.txt,1
log-GPSCheck_Mutant5-2025_08_15_11_02_39.txt,1
log-SmallestEvenMulBranch_Mutant4-2025_08_15_02_53_26.txt,1
log-FizzBuzz_Mutant2-2025_08_15_02_51_03.txt,1
log-WindCompensation_Mutant4-2025_08_15_02_41_02.txt,1
log-IsCommonMultiple_Mutant3-2025_08_15_01_58_39.txt,1
log-EchoIntLoop_Mutant3-2025_08_15_00_59_31.txt,1
log-EchoIntLoop_Mutant5-2025_08_15_01_03_35.txt,1
log-SmallestEvenMul_Mutant3-2025_08_15_02_27_05.txt,1
log-NegAbs_Mutant1-2025_08_15_09_36_49.txt,1
log-DivisionOverflow_Mutant2-2025_08_15_02_25_07.txt,1
log-IsCommonMultiple_Mutant2-2025_08_15_02_24_53.txt,1
log-SmallestEvenMul_Mutant4-2025_08_15_01_59_43.txt,1
log-CanWinNim_Mutant1-2025_08_15_01_57_15.txt,1
log-IsCommonFactor_Mutant1-2025_08_15_02_29_19.txt,1
log-GetLowCaseLoop_M1-2025_08_14_22_56_36.txt,1
log-MulLoop_Mutant2-2025_08_15_01_11_13.txt,1
log-CanWinNim_Mutant4-2025_08_15_02_21_51.txt,1
log-PowerOfTwoBranch_Mutant2-2025_08_15_11_50_43.txt,0
log-Calculator_Mutant4-2025_08_15_11_58_43.txt,1
log-FizzBuzz_Mutant1-2025_08_15_02_48_41.txt,1
log-PrimeCheck_Mutant1-2025_08_15_00_01_43.txt,1
log-AltitudeController_Mutant3-2025_08_15_10_53_54.txt,0
log-PowerOfTwoLoop_Original-2025_08_14_23_22_52.txt,1
log-PowerOfTwo_Mutant3-2025_08_15_02_06_47.txt,1
log-IsCommonMultipleBranch_Mutant4-2025_08_15_11_57_54.txt,1
log-DivisorGame_Mutant4-2025_08_15_02_02_58.txt,1
log-IsCommonMultipleBranch_Original-2025_08_15_09_34_16.txt,1
log-NotCommonFactor_Mutant2-2025_08_15_02_22_04.txt,1
log-PassPillowBranch_Mutant4-2025_08_15_10_09_05.txt,1
log-EchoIntLoop_Mutant1-2025_08_15_00_56_16.txt,1
log-GyroHealthCheck_Mutant5-2025_08_15_10_51_46.txt,1
log-DivisionOverflow_Original-2025_08_15_02_01_09.txt,1
log-AddLoopFor_Mutant2-2025_08_15_01_46_18.txt,1
log-CanWinNim_Original-2025_08_15_02_00_56.txt,1
log-FizzBuzz_Mutant3-2025_08_15_11_58_18.txt,1
log-Conjunction_Mutant5-2025_08_15_02_57_18.txt,1
log-Calculator_Original-2025_08_15_02_43_28.txt,0
log-NumberOfCuts_Mutant4-2025_08_15_11_55_03.txt,1
log-IsCommonMultipleBranch_Mutant3-2025_08_15_02_47_51.txt,1
log-IsCommonMultipleBranch_Mutant2-2025_08_15_09_35_05.txt,1
log-MulLoop_Mutant5-2025_08_15_01_44_34.txt,1
log-PrimeCheck_Mutant4-2025_08_14_23_53_21.txt,0
log-Geofence_Mutant5-2025_08_15_02_36_20.txt,1
log-PowerOfTwoBranch_Mutant3-2025_08_15_10_49_18.txt,1
log-NegAbs_Mutant3-2025_08_15_09_45_18.txt,0
log-GyroHealthCheck_Mutant2-2025_08_15_11_56_51.txt,0
log-Return100Nested_Mutant2-2025_08_15_01_38_50.txt,1
log-SmallestEvenMulBranch_Mutant1-2025_08_15_02_37_09.txt,1
log-Disjunction_Mutant2-2025_08_15_03_03_48.txt,1
log-GCD_Original-2025_08_14_22_40_20.txt,0
log-SafeLanding_Mutant5-2025_08_15_02_45_22.txt,1
log-DigitRoot_Mutant5-2025_08_15_01_24_18.txt,1
log-MySqrt_Original-2025_08_14_23_25_01.txt,0
log-AltitudeController_Original-2025_08_15_11_07_04.txt,1
log-MySqrt_Mutant2-2025_08_14_23_27_17.txt,0
log-ReLUSeq_Original-2025_08_15_02_11_36.txt,1
log-WindCompensation_Original-2025_08_15_02_49_26.txt,1
log-Geofence_Mutant2-2025_08_15_11_02_19.txt,1
log-SafeLanding_Mutant2-2025_08_15_09_58_47.txt,1
log-AddLoopFor_Original-2025_08_15_01_26_30.txt,1
log-SmallestEvenMul_Mutant1-2025_08_15_02_09_23.txt,1
log-PrimeCheck_Mutant3-2025_08_14_23_38_44.txt,0
log-CanWinNim_Mutant2-2025_08_15_01_55_29.txt,1
log-XOR_Original-2025_08_15_03_02_26.txt,1
log-ReLUSeq_Mutant3-2025_08_15_01_57_55.txt,1
log-NegAbs_Mutant2-2025_08_15_02_58_09.txt,1
log-AddLoop_Mutant4-2025_08_15_01_27_02.txt,1
log-NegAbs_Mutant4-2025_08_15_11_03_29.txt,1
log-PassPillowBranch_Mutant5-2025_08_15_09_41_54.txt,0
log-SmallestEvenMulBranch_Mutant3-2025_08_15_02_32_38.txt,1
log-AddLoop_Mutant1-2025_08_15_01_39_44.txt,0
log-AddLoop_Mutant2-2025_08_15_01_41_11.txt,1
log-ChangeCase_Mutant3-2025_08_15_02_51_40.txt,1
log-NumberOfCuts_Mutant1-2025_08_15_10_57_20.txt,1
log-NotCommonFactor_Mutant1-2025_08_15_02_25_51.txt,1
log-PowerOfTwoLoop_Mutant2-2025_08_14_23_23_09.txt,1
log-IsCommonFactorBranch_Mutant1-2025_08_15_11_54_12.txt,1
log-Return100Nested_Mutant5-2025_08_15_01_10_47.txt,1
log-IsCommonFactorBranch_Mutant5-2025_08_15_11_10_14.txt,1
log-IsCommonFactor_Mutant3-2025_08_15_02_08_58.txt,1
log-Abs_Mutant3-2025_08_15_09_32_54.txt,1
log-AddLoop_Original-2025_08_15_01_45_51.txt,1
log-PowerOfTwoBranch_Mutant4-2025_08_15_11_03_52.txt,1
log-PowerOfTwo_Mutant1-2025_08_15_02_10_44.txt,0
log-Disjunction_Mutant1-2025_08_15_03_05_56.txt,1
log-AddLoopFor_Mutant4-2025_08_15_01_22_49.txt,1
log-GetLowCaseLoop-2025_08_14_22_51_52.txt,1
log-LeapYear_Mutant2-2025_08_15_11_54_37.txt,1
log-SubLoop_Mutant3-2025_08_15_01_34_18.txt,1
log-GyroHealthCheck_Mutant4-2025_08_15_11_03_02.txt,1
log-ReLU_Mutant4-2025_08_15_02_46_58.txt,1
log-SafeLanding_Mutant3-2025_08_15_10_58_10.txt,1
log-ConvertToFahrenheit_Mutant2-2025_08_15_02_23_57.txt,1
log-Return100Nested_Mutant1-2025_08_15_01_27_21.txt,1
log-XOR_Mutant2-2025_08_15_10_58_32.txt,1
log-ReLUSeq_Mutant4-2025_08_15_01_57_29.txt,1
log-Abs_Mutant1-2025_08_15_02_21_40.txt,1
log-ReLUSeq_Mutant5-2025_08_15_02_00_42.txt,1
log-AbsSeq_Mutant3-2025_08_15_02_36_02.txt,1
log-IsCommonFactorBranch_Original-2025_08_15_10_57_39.txt,1
log-MySqrt_Mutant3-2025_08_14_23_59_13.txt,1
log-DivisorGame_Original-2025_08_15_02_08_18.txt,1
log-Calculator_Mutant5-2025_08_15_02_31_24.txt,1
log-NumberOfCuts_Original-2025_08_15_03_08_33.txt,1
log-Return100Nested_Mutant3-2025_08_15_01_33_19.txt,1
log-AltitudeController_Mutant5-2025_08_15_09_38_41.txt,1
log-MulLoop_Mutant3-2025_08_15_01_37_29.txt,1
log-MyPower_Mutant5-2025_08_15_01_06_08.txt,1
log-XOR_Mutant5-2025_08_15_02_58_23.txt,1
log-XOR_Mutant4-2025_08_15_02_52_59.txt,1
log-PowerOfTwoBranch_Original-2025_08_15_02_39_33.txt,1
log-MulLoop_Mutant4-2025_08_15_01_27_51.txt,1
log-Conjunction_Original-2025_08_15_02_50_51.txt,1
log-MyPower_Mutant3-2025_08_15_01_01_53.txt,1
log-ReLUSeq_Mutant2-2025_08_15_02_26_50.txt,1
log-SubLoop_Mutant5-2025_08_15_01_42_16.txt,1
log-Return100Nested_Original-2025_08_15_01_10_02.txt,1
log-WindCompensation_Mutant5-2025_08_15_02_33_07.txt,1
log-IsCommonFactor_Mutant5-2025_08_15_02_30_05.txt,1
log-DivisionOverflow_Mutant1-2025_08_15_02_23_01.txt,1
log-GetLowCaseLoop_M3-2025_08_14_23_46_34.txt,1
log-IsCommonMultiple_Mutant1-2025_08_15_02_05_53.txt,1
log-ConvertToKelvin_Mutant1-2025_08_15_02_09_11.txt,1
log-NegAbs_Mutant5-2025_08_15_10_49_01.txt,1
log-MulLoop_Original-2025_08_15_01_14_32.txt,1
log-XOR_Mutant3-2025_08_15_02_49_56.txt,1
log-SafeLanding_Mutant4-2025_08_15_10_07_10.txt,1
log-DivisionOverflow_Mutant5-2025_08_15_02_30_19.txt,1
log-IsCommonFactor_Mutant4-2025_08_15_01_51_58.txt,1
log-Disjunction_Mutant3-2025_08_15_11_04_17.txt,1
log-PassPillowBranch_Original-2025_08_15_10_02_58.txt,0
log-PrimeCheck_Mutant5-2025_08_14_22_42_35.txt,1
log-EchoIntLoop_Original-2025_08_15_00_55_29.txt,1
log-DivisionOverflow_Mutant3-2025_08_15_01_56_18.txt,1
log-Return100_Mutant2-2025_08_15_00_55_53.txt,1
log-NegAbs_Original-2025_08_15_03_09_23.txt,1
log-MySqrt_Mutant4-2025_08_14_23_17_04.txt,0
log-WindCompensation_Mutant3-2025_08_15_03_01_41.txt,1
log-Conjunction_Mutant1-2025_08_15_11_53_46.txt,1
log-IsCommonMultiple_Mutant4-2025_08_15_02_22_37.txt,1
log-WindCompensation_Mutant2-2025_08_15_03_09_47.txt,1
log-MySqrt_Mutant5-2025_08_14_23_43_14.txt,0
log-ReLUSeq_Mutant1-2025_08_15_02_11_56.txt,1
log-FizzBuzz_Original-2025_08_15_02_57_43.txt,1
log-LeapYear_Mutant5-2025_08_15_10_06_28.txt,1
log-NumberOfCuts_Mutant3-2025_08_15_11_49_05.txt,1
log-Disjunction_Mutant4-2025_08_15_02_49_12.txt,1
log-Return100_Mutant1-2025_08_15_01_02_46.txt,1
log-ChangeCase_Original-2025_08_15_10_47_14.txt,1
log-SubLoop_Mutant2-2025_08_15_01_39_18.txt,1
log-GPSCheck_Mutant4-2025_08_15_03_03_09.txt,1
log-AltitudeController_Mutant4-2025_08_15_11_49_25.txt,1
log-ConvertToKelvin_Mutant5-2025_08_15_09_31_57.txt,1
log-LeapYear_Mutant1-2025_08_15_09_32_34.txt,1
log-GPSCheck_Original-2025_08_15_09_55_09.txt,1
log-ReLU_Mutant3-2025_08_15_10_06_47.txt,1
log-SmallestEvenMulBranch_Mutant2-2025_08_15_10_51_32.txt,1
log-Geofence_Original-2025_08_15_09_43_57.txt,1
log-MyPower_Mutant4-2025_08_15_01_03_57.txt,1
log-EchoIntLoop_Mutant4-2025_08_15_01_03_11.txt,1
log-IsCommonMultipleBranch_Mutant5-2025_08_15_10_52_48.txt,1
log-Geofence_Mutant4-2025_08_15_10_08_06.txt,1
log-MyPower_Original-2025_08_15_00_11_54.txt,0
log-NotCommonFactor_Mutant5-2025_08_15_02_07_40.txt,1
log-Return100Nested_Mutant4-2025_08_15_01_23_20.txt,1
log-GCD_Mutant1-2025_08_14_23_56_58.txt,0
log-GPSCheck_Mutant2-2025_08_15_10_56_50.txt,1
log-Calculator_Mutant2-2025_08_15_02_42_02.txt,1
log-GyroHealthCheck_Original-2025_08_15_02_41_32.txt,1
log-Conjunction_Mutant4-2025_08_15_11_55_30.txt,1
log-DivisorGame_Mutant5-2025_08_15_02_07_56.txt,1
log-DivisorGame_Mutant3-2025_08_15_01_58_59.txt,1
log-GPSCheck_Mutant3-2025_08_15_03_02_52.txt,1
log-NotCommonFactor_Mutant4-2025_08_15_01_55_53.txt,1
log-CanWinNim_Mutant5-2025_08_15_02_29_42.txt,1
log-PowerOfTwo_Original-2025_08_15_02_01_31.txt,1
log-MyPower_Mutant2-2025_08_15_00_56_41.txt,1
log-ReLU_Mutant2-2025_08_15_02_45_37.txt,1
log-GetLowCaseLoop_M2-2025_08_14_23_19_54.txt,1
log-Abs_Mutant5-2025_08_15_10_48_42.txt,1
log-MySqrt_Mutant1-2025_08_15_00_05_18.txt,0
log-SmallestEvenMulBranch_Mutant5-2025_08_15_09_35_45.txt,1
log-MulLoop_Mutant1-2025_08_15_01_50_37.txt,1
log-DivisionOverflow_Mutant4-2025_08_15_02_56_54.txt,1
log-PassPillowBranch_Mutant3-2025_08_15_09_55_29.txt,0
log-Abs_Mutant4-2025_08_15_11_52_07.txt,1
log-PassPillowBranch_Mutant1-2025_08_15_11_46_44.txt,0
log-AltitudeController_Mutant1-2025_08_15_11_44_03.txt,1
log-Abs_Mutant2-2025_08_15_09_31_41.txt,1
log-PassPillowBranch_Mutant2-2025_08_15_03_10_16.txt,1
log-AbsSeq_Mutant2-2025_08_15_12_00_56.txt,1
log-EchoIntLoop_Mutant2-2025_08_15_01_02_17.txt,1
log-SmallestEvenMulBranch_Original-2025_08_15_03_02_09.txt,1
log-IsCommonMultiple_Mutant5-2025_08_15_02_22_17.txt,1
log-Calculator_Mutant1-2025_08_15_03_07_08.txt,1
log-Conjunction_Mutant3-2025_08_15_11_05_10.txt,1
log-ReLU_Mutant5-2025_08_15_02_06_17.txt,1
log-Calculator_Mutant3-2025_08_15_10_00_55.txt,1
log-ConvertToFahrenheit_Mutant4-2025_08_15_02_28_43.txt,1
log-SubLoop_Mutant1-2025_08_15_01_10_19.txt,1
log-IsCommonFactorBranch_Mutant3-2025_08_15_03_00_14.txt,1
log-IsCommonFactor_Mutant2-2025_08_15_02_05_37.txt,1
log-SafeLanding_Original-2025_08_15_02_58_52.txt,1
log-ReLU_Original-2025_08_15_09_37_01.txt,1
log-GyroHealthCheck_Mutant3-2025_08_15_09_37_22.txt,1
log-ConvertToKelvin_Mutant4-2025_08_15_01_59_20.txt,1
log-WindCompensation_Mutant1-2025_08_15_02_39_07.txt,1
log-DivisorGame_Mutant1-2025_08_15_02_28_57.txt,1
log-IsCommonMultiple_Original-2025_08_15_02_12_16.txt,1
log-LeapYear_Original-2025_08_15_02_36_42.txt,1
log-Conjunction_Mutant2-2025_08_15_09_35_25.txt,1
log-Return100_Mutant3-2025_08_15_00_58_43.txt,1
log-SmallestEvenMul_Original-2025_08_15_01_53_18.txt,1
log-NotCommonFactor_Mutant3-2025_08_15_02_03_17.txt,1
log-SafeLanding_Mutant1-2025_08_15_02_46_03.txt,1
log-AbsSeq_Mutant4-2025_08_15_11_48_46.txt,1
log-ConvertToFahrenheit_Mutant3-2025_08_15_01_58_16.txt,1
log-PrimeCheck_Original-2025_08_14_22_39_34.txt,0
log-GyroHealthCheck_Mutant1-2025_08_15_11_11_15.txt,1
log-Geofence_Mutant3-2025_08_15_03_04_25.txt,1
log-ChangeCase_Mutant2-2025_08_15_02_48_10.txt,1
log-ReLU_Mutant1-2025_08_15_12_00_36.txt,1
log-AddLoopFor_Mutant3-2025_08_15_01_14_03.txt,1
log-MyPower_Mutant1-2025_08_15_00_11_08.txt,1
log-FizzBuzz_Mutant5-2025_08_15_09_32_10.txt,1
log-LCM_Original-2025_08_14_23_35_38.txt,0
log-DivisorGame_Mutant2-2025_08_15_02_08_38.txt,1
log-Return100_Original-2025_08_15_00_59_10.txt,1
log-Return100_Mutant4-2025_08_15_00_11_36.txt,1
log-Disjunction_Original-2025_08_15_11_04_54.txt,1
log-ChangeCase_Mutant5-2025_08_15_10_59_59.txt,1
log-DigitRoot_Original-2025_08_15_01_19_51.txt,0
log-CanWinNim_Mutant3-2025_08_15_01_55_06.txt,1
log-AddLoop_Mutant3-2025_08_15_01_18_49.txt,1
log-DigitRoot_Mutant1-2025_08_15_01_08_24.txt,1
log-PrimeCheck_Mutant2-2025_08_14_22_52_18.txt,1
log-NumberOfCuts_Mutant2-2025_08_15_09_45_00.txt,1
log-ConvertToKelvin_Original-2025_08_15_02_14_22.txt,1
log-Geofence_Mutant1-2025_08_15_02_46_30.txt,1
log-Abs_Original-2025_08_15_02_54_50.txt,1
log-GPSCheck_Mutant1-2025_08_15_09_36_34.txt,1
